Puppy,ZPAIsoActivity,ZPAIsoNearExit,ZPAIsoMobile,ZPAIsoVocal,ZPAToyDiff,ZPADistractConToyAvg,ZPADistractConFoodAvg,ZPAAttBody1,ZPAAttBody2,ZPAAttFace1,ZPAAttFace2,ZPAMagSolve,ZPAMagCorrect,ZPAMagAccu,ZPAMagPersist,ZPATorSolve,ZPATorPersev,ZPACylScore,ZPADetourScore,ZPADetourSolve1,ZPADetourSolve2,ZPADetourSolve3,ZPAGreetApp,ZPAGreetInteract,ZPARetTotal,ZNovApp,ZNovOri,ZNovLatVoc,ZPAUmResponse,ZPAUmApp,ZPAUmCon
1,0.871675847,1.271113262,0.299399929,4.092103537,-0.326026333,-0.927051581,0.100830951,-1.229926476,-1.104721156,-1.181740777,-1.071468331,-0.443048613,0.396578289,0.682308419,0.686952613,-1.022861874,-1.764082584,0.835880353,0.426879441,-0.600169943,0.25097592,-0.261361918,3.195681553,-1.476843244,-1.665224862,-0.37346011,0.42191449,-1.238468301,0.447792398,2.123091801,-0.889918761
2,-1.285721874,-2.283964012,-1.625681564,-0.438251088,2.597726417,0.458317636,-1.814957112,-1.039368721,-1.045103419,-0.88337678,-1.071468331,-0.658209348,0.396578289,-0.905609356,1.0376703,-1.044070912,0.020843931,0.835880353,0.426879441,1.391478953,-0.466354969,-0.482067537,-0.552340022,0.299566394,0.218065161,-0.428435422,-0.253967946,-0.315784746,-1.384711877,-0.467469754,2.821693631
3,-0.5665893,1.271113262,-1.795541696,0.049633256,-0.685872826,-0.465261842,-1.176361091,-0.549363066,-1.074912287,-0.783922114,-1.026257262,-0.412311365,0.396578289,-0.111650469,0.837260193,-0.662308236,0.507642072,-0.491396329,0.426879441,-0.62254802,-0.370710851,-0.482067537,-0.177537864,0.426452797,0.218065161,-0.428435422,0.376855661,-0.532886759,-0.46845974,-0.467469754,-1.027385886
4,0.51210956,1.271113262,0.299399929,-0.507948852,-0.460968768,-0.927051581,-0.53776507,-0.576585602,-0.717205863,-0.485558117,-0.709779783,1.554872503,-2.42353399,-0.111650469,-2.118788885,NA,NA,0.172242012,0.426879441,-0.689682252,0.155331802,-0.371714727,-0.364938943,1.187771214,0.218065161,-0.400947766,-0.884791553,-0.370060249,0.447792398,-0.467469754,0.34728537
5,0.871675847,0.001442807,0.412640017,0.5375176,-0.775834449,-0.465261842,-0.53776507,-0.222692629,-0.061410752,0.078018322,0.375285862,1.554872503,-3.83359013,-0.905609356,-0.164790342,0.143635189,0.150656769,0.835880353,0.426879441,1.570503573,-0.41853291,-0.482067537,-0.177537864,0.426452797,0.97138117,-0.37346011,0.286738003,0.091281528,-0.46845974,-0.467469754,0.34728537
6,-1.285721874,0.318860421,-0.663140817,1.234495235,-0.101122276,-0.465261842,1.378022993,-0.386027847,-0.627779257,-0.154042565,-0.438513371,-0.996319076,0.396578289,1.476267306,0.88736272,1.267714177,0.442735653,0.835880353,0.426879441,-0.309254935,-0.41853291,-0.426891132,-0.364938943,0.045793589,-0.911908853,-0.345972454,-0.073732629,-1.184192798,-1.384711877,-0.467469754,-0.752451635
7,-0.746372444,0.128409853,0.242779885,-0.159460035,-0.23606471,-0.003472103,0.739426972,-0.82158843,-0.210455095,-0.783922114,-0.257669097,1.554872503,-3.83359013,-1.699568244,-2.82022426,-1.001652837,-1.764082584,0.835880353,0.426879441,-0.756816485,-0.179422613,-0.482067537,-0.552340022,0.933998408,0.97138117,-0.400947766,0.241679174,0.281245789,-0.46845974,-0.467469754,0.072351119
8,-1.465505017,1.271113262,-1.172721213,-0.507948852,-0.640892014,-0.927051581,-0.53776507,0.348980636,0.087633591,0.608443205,0.601341205,1.554872503,-2.42353399,-0.905609356,0.286132399,1.267714177,0.767267747,-0.491396329,0.426879441,-0.600169943,-0.466354969,-0.206185513,-0.364938943,0.680225603,0.97138117,2.842595659,1.548385217,1.068240586,1.364044536,2.123091801,-1.164853012
9,-0.386806157,0.953695649,-0.663140817,1.164797471,-0.595911202,-0.927051581,-1.176361091,-0.767143357,-0.597970388,-0.551861227,-0.393302303,1.063076536,0.396578289,-0.111650469,0.436439979,0.991996689,0.767267747,-1.15503467,0.426879441,0.250197002,0.155331802,0.566284155,2.071275081,-0.969297633,0.97138117,2.842595659,2.134149995,1.068240586,0.447792398,-0.467469754,1.309555249
10,-0.746372444,1.271113262,0.978840456,-0.507948852,-0.011160652,-0.003472103,-1.176361091,-0.685475748,0.773237571,-0.485558117,1.008240822,1.554872503,0.396578289,-1.699568244,0.085722292,-0.195709411,0.57254849,0.172242012,0.426879441,-0.600169943,-0.41853291,-0.040656298,2.258676159,-0.715524828,0.218065161,2.485256129,2.089091166,1.068240586,0.447792398,-0.467469754,1.172088124
11,-0.746372444,-1.395194693,0.978840456,-0.507948852,-2.125258795,-0.465261842,1.378022993,-0.086579947,0.56457549,-0.220345675,-0.212458029,1.554872503,-1.01347785,0.682308419,-1.717968671,1.267714177,0.637454909,0.172242012,0.426879441,-0.71206033,-0.083778495,-0.426891132,4.882291262,-3.507025688,0.97138117,2.842595659,0.692267465,1.068240586,0.447792398,2.123091801,-1.027385886
12,2.309940994,-0.379458329,0.412640017,-0.507948852,-0.460968768,-0.003472103,-0.53776507,-0.984923648,-0.985485681,-0.850225224,-1.071468331,1.554872503,-3.83359013,-0.905609356,-1.818173725,NA,NA,0.835880353,0.426879441,-0.779194562,-0.41853291,-0.371714727,-0.364938943,-0.081092814,0.97138117,2.842595659,1.41320873,1.068240586,1.364044536,0.827811023,-0.614984509
13,-0.386806157,0.826728603,0.299399929,0.607215364,-0.640892014,-2.312420799,-2.453553133,-0.984923648,-0.925867944,-1.049134556,-1.071468331,-0.227887877,0.396578289,1.476267306,0.73705514,1.267714177,1.189159468,0.172242012,0.426879441,-0.823950717,-0.514177029,-0.537243942,-0.364938943,1.314657617,0.97138117,-0.428435422,1.142855756,-0.858539778,0.447792398,-0.467469754,-0.477517384
14,-0.746372444,1.461563831,0.299399929,0.398122073,-0.011160652,-0.465261842,0.100830951,-0.658253211,0.236677935,-0.618164338,0.73697441,0.018010106,0.396578289,0.682308419,0.586747559,NA,NA,0.172242012,0.426879441,0.339709311,0.25097592,-0.482067537,-0.552340022,-0.334865619,-2.041882867,-0.37346011,0.737326294,-0.939953033,1.364044536,2.123091801,-0.614984509
15,1.59080842,-0.696875943,0.978840456,-0.507948852,0.618570709,-0.003472103,1.378022993,-1.338816622,-1.104721156,-1.248043887,-1.071468331,1.524135255,0.396578289,1.476267306,-1.26704593,1.267714177,0.799720956,0.172242012,0.426879441,-0.779194562,-0.41853291,-0.151009108,0.384665372,0.680225603,-2.041882867,-0.400947766,-0.344085604,-0.505749007,1.364044536,-0.467469754,-1.164853012
16,0.152543273,-0.823842988,0.808980325,-0.507948852,-0.505949579,-0.465261842,-0.53776507,-0.767143357,-0.538352651,-0.817073669,-0.619357646,NA,NA,NA,NA,-1.001652837,-0.303688162,0.835880353,0.426879441,-0.62254802,-0.275066732,0.180049321,2.633478317,-1.476843244,-0.158592844,-0.37346011,0.692267465,-0.071544982,0.447792398,2.123091801,-0.752451635
17,-0.5665893,0.382343944,-0.323420554,-0.507948852,3.047534532,1.381897114,1.378022993,0.675651073,-1.104721156,0.044866766,-1.071468331,1.554872503,-1.01347785,-0.111650469,-1.567661091,-1.065279949,-1.764082584,0.835880353,0.426879441,-0.80157264,0.777018573,0.345578536,-0.177537864,-1.096184036,0.97138117,-0.345972454,0.016385029,1.068240586,0.447792398,-0.467469754,-0.065116007
18,1.05145899,1.080662694,-0.54990073,1.582984052,-1.40556581,-0.465261842,1.378022993,-0.658253211,2.472343086,-0.618164338,1.595984712,-0.289362373,0.396578289,-0.905609356,0.135824819,-1.044070912,0.410282444,-0.491396329,-1.600797903,-0.644926097,5.08100391,-0.371714727,-0.364938943,-0.461752022,-1.288566858,-0.400947766,-0.974909211,-0.994228536,1.364044536,-0.467469754,-0.202583132
19,-0.02723987,-1.204744125,0.865600368,-0.507948852,2.732668851,1.381897114,1.378022993,-1.012146185,-1.045103419,-1.049134556,-0.981046194,0.479068825,0.396578289,0.682308419,-1.016533297,-0.619890161,-0.595767047,0.835880353,0.426879441,-0.667304175,-0.275066732,0.345578536,0.009863215,1.060884811,0.97138117,-0.318484798,-0.208909117,-0.505749007,-0.46845974,2.123091801,-0.752451635
20,0.871675847,0.001442807,0.242779885,-0.507948852,0.888455578,-0.003472103,0.739426972,1.900665212,0.385722278,1.735596082,0.149230519,0.509806073,0.396578289,-0.905609356,0.88736272,-0.768353424,0.929533793,0.172242012,0.426879441,-0.779194562,-0.131600554,-0.426891132,0.009863215,0.807112005,0.97138117,-0.37346011,-0.253967946,1.068240586,0.447792398,-0.467469754,-0.202583132
21,-1.465505017,-1.458678216,-0.54990073,-0.507948852,-0.505949579,-0.927051581,0.100830951,0.348980636,2.025210056,-0.154042565,1.05345189,NA,NA,NA,NA,NA,NA,NA,0.426879441,-0.71206033,-0.370710851,0.180049321,0.75946753,0.426452797,-2.041882867,-0.345972454,-0.884791553,1.068240586,0.447792398,-0.467469754,2.54675938
22,-0.207023014,1.588530876,-0.606520774,-0.298855562,2.10293749,1.843686853,0.739426972,1.138434192,-0.419117176,0.442685429,-0.302880166,0.079484602,0.396578289,-1.699568244,0.085722292,1.267714177,0.183109978,0.835880353,0.426879441,-0.107852238,0.585730335,-0.482067537,-0.552340022,-0.588638425,0.218065161,-0.428435422,0.46697332,1.068240586,-0.46845974,-0.467469754,-0.889918761
23,-0.386806157,1.20762974,0.412640017,-0.298855562,0.798493955,1.381897114,0.739426972,-0.549363066,-0.448926045,-0.386103451,-0.48372444,0.233170842,0.396578289,-0.905609356,0.336234926,1.267714177,0.6050017,0.172242012,0.426879441,-0.734438407,-0.514177029,-0.537243942,-0.364938943,0.807112005,0.218065161,-0.400947766,0.286738003,-0.967090785,-1.384711877,-0.467469754,-0.065116007
24,-0.746372444,-1.585645262,0.695740237,-0.507948852,-0.23606471,0.920107375,0.100830951,1.900665212,2.472343086,0.542140095,2.228939672,-0.78115834,0.396578289,-0.111650469,0.586747559,1.267714177,0.410282444,0.835880353,0.426879441,-0.71206033,-0.227244673,-0.206185513,-0.552340022,0.807112005,0.97138117,-0.318484798,2.359444141,-0.505749007,-1.384711877,-0.467469754,-0.202583132
25,0.332326417,0.826728603,0.752360281,-0.507948852,0.34868584,1.381897114,0.739426972,1.900665212,2.472343086,1.835050748,1.957673261,0.356119834,0.396578289,-1.699568244,0.486542506,-0.683517274,0.150656769,-0.491396329,-1.600797903,1.77190627,-0.275066732,-0.426891132,0.946868608,0.045793589,0.97138117,2.842595659,0.962620439,1.068240586,0.447792398,0.827811023,-1.027385886
26,0.691892703,0.255376898,0.865600368,-0.438251088,-0.056141464,-1.388841321,0.100830951,-0.195470092,0.445340016,-0.651315893,-0.890624057,-0.258625125,0.396578289,-1.699568244,0.236029872,1.267714177,0.248016397,0.835880353,0.426879441,-0.80157264,-0.514177029,-0.426891132,-0.552340022,0.426452797,-0.158592844,-0.428435422,1.052738097,0.037006025,0.447792398,-0.467469754,-0.202583132
27,-0.207023014,0.445827467,0.412640017,-0.438251088,0.843474767,0.458317636,0.739426972,-0.086579947,0.475148884,0.044866766,0.73697441,0.202433594,0.396578289,0.682308419,0.636850086,1.267714177,0.799720956,0.835880353,0.426879441,-0.779194562,-0.370710851,0.069696511,0.009863215,0.807112005,0.218065161,-0.37346011,-0.704556236,-1.048504039,-1.384711877,-0.467469754,0.759686747
28,-0.207023014,-1.141260602,-0.096940378,-0.507948852,-0.415987956,0.458317636,-1.176361091,0.049532735,-0.747014732,0.144321432,-0.664568714,-0.719683844,0.396578289,-0.111650469,0.586747559,1.267714177,0.669908118,0.172242012,0.426879441,0.563490086,-0.466354969,-0.592420347,-0.364938943,-1.223070439,0.594723165,2.62269441,-0.118791458,0.308383541,1.364044536,-0.467469754,0.484752496
29,-1.105938731,1.271113262,-0.096940378,1.025401944,-0.460968768,0.458317636,0.100830951,-0.658253211,-0.925867944,-0.817073669,-0.890624057,-0.658209348,0.396578289,-1.699568244,0.286132399,NA,NA,0.172242012,0.426879441,-0.779194562,-0.466354969,-0.537243942,-0.177537864,-0.334865619,0.97138117,-0.400947766,-0.794673895,-0.695713269,1.364044536,-0.467469754,0.484752496
30,1.770591564,-1.204744125,0.978840456,-0.507948852,-0.730853637,-1.388841321,-1.814957112,-0.903256039,-0.270072833,-0.750770559,0.104019451,-0.93484458,0.396578289,1.476267306,0.88736272,1.267714177,-1.764082584,0.172242012,0.426879441,-0.555413788,-0.275066732,-0.040656298,-0.552340022,0.172679992,0.97138117,-0.400947766,-0.344085604,1.068240586,-1.384711877,-0.467469754,0.622219621
31,1.05145899,-0.062040715,0.922220412,0.5375176,-0.371007145,0.458317636,0.100830951,-0.522140529,-0.299881702,-0.419255007,-0.16724696,-0.873370084,0.396578289,0.682308419,-0.064585288,1.267714177,1.059346631,0.835880353,0.426879441,1.257210488,-0.275066732,0.014520107,-0.552340022,-1.73061605,-1.665224862,-0.263509486,-0.794673895,0.254108038,0.447792398,-0.467469754,-0.752451635
32,-1.285721874,-0.887326511,0.695740237,-0.507948852,0.303705028,0.458317636,0.100830951,-0.739920821,-0.597970388,-0.585012783,-0.348091234,-0.197150629,0.396578289,-0.905609356,0.236029872,1.055623802,0.864627375,0.172242012,0.426879441,-0.242120703,-0.41853291,-0.537243942,-0.552340022,0.680225603,0.594723165,-0.37346011,-0.208909117,0.199832535,0.447792398,-0.467469754,-0.614984509
33,-0.5665893,-0.315974806,0.299399929,-0.368553325,-0.326026333,-0.927051581,-1.176361091,1.900665212,-0.299881702,2.696991184,0.104019451,-1.180742563,0.396578289,0.682308419,0.386337452,1.267714177,0.410282444,0.172242012,0.426879441,0.720136629,0.394442098,1.062871798,-0.364938943,-1.096184036,0.594723165,-0.428435422,-0.659497407,-0.804264275,-1.384711877,-0.467469754,1.172088124
34,0.691892703,-0.379458329,0.639120193,-0.507948852,-0.011160652,0.458317636,0.739426972,0.975098974,0.504957753,1.205171199,0.646552273,-0.565997605,0.396578289,0.682308419,0.536645033,0.016380964,0.897080584,0.835880353,0.426879441,-0.779194562,-0.322888791,-0.371714727,-0.364938943,-1.096184036,0.97138117,2.842595659,1.503326388,-1.509845817,1.364044536,-0.467469754,-0.340050258
35,0.332326417,0.191893376,0.582500149,0.5375176,0.663551521,1.381897114,-0.53776507,0.24009049,2.025210056,0.608443205,2.861894631,-1.211479811,0.396578289,0.682308419,0.88736272,1.16166899,0.961987003,-0.491396329,0.426879441,1.480991263,-0.035956436,-0.482067537,-0.552340022,-2.745707272,0.594723165,-0.071095893,0.872502781,-2.079738601,-1.384711877,-0.467469754,-0.889918761
36,-0.207023014,-0.760359466,0.978840456,-0.368553325,-0.146103087,1.381897114,-0.53776507,-0.739920821,-0.836441338,-0.585012783,-0.754990851,-1.180742563,0.396578289,-0.111650469,1.0376703,1.267714177,1.286519096,0.835880353,0.426879441,-0.667304175,-0.41853291,-0.151009108,-0.552340022,-0.461752022,0.97138117,-0.345972454,-0.208909117,1.068240586,-1.384711877,-0.467469754,0.34728537
37,-0.02723987,0.826728603,-0.26680051,0.189028783,1.878033432,1.843686853,0.100830951,1.138434192,2.323298743,1.702444527,2.27415074,-0.811895588,0.396578289,0.682308419,0.236029872,-1.065279949,-1.764082584,0.172242012,0.426879441,1.011051636,-0.179422613,-0.426891132,2.446077238,-0.715524828,-0.535250849,-0.37346011,-1.335379844,0.79686307,-0.46845974,2.123091801,-1.302320137
38,1.05145899,-0.950810034,0.695740237,1.582984052,-1.270623376,-0.003472103,0.100830951,-0.576585602,-0.627779257,-0.352951896,-0.574146577,-0.135676133,0.396578289,-0.111650469,-0.866225716,0.885951502,-0.336141372,-4.473226375,0.426879441,-0.846328795,-0.514177029,-0.426891132,-0.552340022,-0.207979217,0.218065161,-0.400947766,-0.389144433,-1.347019307,-1.384711877,-0.467469754,3.509029259
39,-0.386806157,1.20762974,-1.625681564,-0.020064508,-0.955757695,-0.465261842,-2.453553133,-1.121036331,-0.806632469,-0.982831445,-0.619357646,-1.395903299,0.396578289,1.476267306,0.436439979,1.267714177,1.189159468,-2.482311352,0.426879441,0.093550459,-0.466354969,-0.537243942,-0.364938943,-0.461752022,-1.665224862,-0.428435422,-0.344085604,0.715449815,-1.384711877,0.827811023,-0.752451635
40,0.691892703,0.445827467,0.129539797,0.676913127,3.362400213,1.843686853,1.378022993,-0.930478576,-0.866250207,-0.817073669,-0.80020192,-0.320099621,0.396578289,-0.111650469,-1.166840877,0.122426151,-0.790486303,0.172242012,0.426879441,-0.80157264,-0.466354969,-0.426891132,-0.552340022,0.299566394,0.218065161,-0.400947766,-1.831026963,-1.509845817,-1.384711877,-0.467469754,0.072351119
41,0.332326417,-0.379458329,0.242779885,-0.507948852,-0.865796072,-1.388841321,-2.453553133,-0.386027847,-0.270072833,-0.220345675,-0.302880166,0.11022185,0.396578289,1.476267306,-1.317148457,NA,NA,0.835880353,-1.600797903,1.77190627,1.111772988,0.676636965,-0.552340022,0.807112005,0.97138117,-0.400947766,-0.0286738,-1.184192798,-0.46845974,3.418372579,-1.302320137
42,0.691892703,0.699761558,0.978840456,0.74661089,0.303705028,-0.003472103,0.100830951,-1.093813794,-0.955676813,-1.015983,-0.935835125,-1.150005316,0.396578289,-0.111650469,-0.064585288,-1.044070912,-1.43955049,-0.491396329,0.426879441,1.570503573,-0.41853291,-0.206185513,-0.364938943,-0.461752022,0.97138117,-0.428435422,-0.389144433,-0.994228536,-0.46845974,-0.467469754,-0.752451635
43,0.51210956,-0.506425375,-1.795541696,0.049633256,-0.415987956,0.458317636,-0.53776507,-0.549363066,0.266486804,-0.485558117,0.646552273,1.554872503,-1.01347785,-0.111650469,0.837260193,1.267714177,0.669908118,-0.491396329,0.426879441,-0.71206033,-0.466354969,-0.537243942,-0.364938943,0.045793589,0.97138117,-0.400947766,-1.110085698,-0.777126523,-1.384711877,-0.467469754,-0.477517384
44,-0.386806157,1.334596785,-1.625681564,0.32842431,-0.371007145,0.458317636,0.100830951,1.356214484,-0.955676813,0.906807202,-0.935835125,-0.658209348,0.396578289,-0.905609356,-0.114687815,1.267714177,0.442735653,0.172242012,-1.600797903,1.77190627,0.29879798,-0.537243942,-0.552340022,-0.081092814,-0.158592844,-0.37346011,-0.253967946,1.068240586,-1.384711877,-0.467469754,-1.027385886
45,-0.746372444,0.76324508,-1.172721213,-0.507948852,1.023398013,0.920107375,0.100830951,-1.066591258,-0.896059075,-0.94967989,-0.935835125,-0.443048613,0.396578289,-0.111650469,0.686952613,-1.128907062,-1.764082584,0.835880353,0.426879441,-0.80157264,-0.514177029,-0.482067537,-0.364938943,0.680225603,0.97138117,-0.37346011,0.872502781,1.068240586,-1.384711877,-0.467469754,0.759686747
46,0.51210956,0.382343944,0.978840456,0.398122073,-0.101122276,1.381897114,-0.53776507,-0.576585602,-0.597970388,-0.352951896,-0.574146577,-0.320099621,0.396578289,1.476267306,0.636850086,1.267714177,1.383878724,0.835880353,0.426879441,-0.577791865,-0.131600554,1.062871798,-0.552340022,0.680225603,0.218065161,-0.400947766,-0.434203262,-1.129917294,-1.384711877,-0.467469754,0.072351119
47,-1.285721874,1.20762974,-2.758082443,1.722379579,-0.550930391,-1.388841321,-1.176361091,-1.284371549,-0.538352651,-1.214892332,-0.302880166,-1.027056324,0.396578289,0.682308419,-0.064585288,1.267714177,0.929533793,0.835880353,-1.600797903,1.77190627,-0.083778495,-0.537243942,-0.552340022,-0.334865619,0.97138117,-0.400947766,1.683561705,-0.234371491,0.447792398,-0.467469754,-0.340050258
48,-0.386806157,1.271113262,-1.342581345,0.955704181,-0.640892014,-1.388841321,-0.53776507,0.457870782,2.472343086,0.376382319,4.037382413,-0.873370084,0.396578289,-0.111650469,0.686952613,-1.150116099,-1.764082584,0.172242012,0.426879441,-0.53303571,-0.370710851,-0.482067537,-0.364938943,0.5533392,0.97138117,-0.400947766,-0.884791553,-0.614300014,-1.384711877,0.827811023,-0.477517384
49,0.332326417,-1.268227648,0.978840456,-0.438251088,2.10293749,0.920107375,0.739426972,-0.549363066,-1.104721156,-0.551861227,-1.071468331,-0.719683844,0.396578289,-0.905609356,1.0376703,-1.192534174,-1.764082584,-0.491396329,0.426879441,-0.80157264,-0.514177029,-0.426891132,-0.552340022,-1.73061605,0.218065161,-0.428435422,-0.118791458,-1.72694783,-1.384711877,-0.467469754,-0.752451635
50,-1.465505017,1.398080308,-1.059481125,5.067872225,-0.640892014,-0.465261842,-0.53776507,0.212867954,1.339606076,0.508988539,1.05345189,0.233170842,0.396578289,-0.905609356,0.787157666,1.267714177,0.864627375,-0.491396329,0.426879441,-0.823950717,-0.514177029,-0.592420347,-0.177537864,0.5533392,0.218065161,-0.428435422,0.872502781,-1.319881556,-0.46845974,-0.467469754,-0.202583132
51,-0.386806157,-0.315974806,0.01629971,0.467819837,-0.371007145,-0.927051581,-1.814957112,-0.386027847,2.353107612,-0.352951896,0.827396547,-1.180742563,0.396578289,0.682308419,-0.114687815,0.164844227,-0.303688162,0.172242012,-1.600797903,1.77190627,-0.41853291,-0.261361918,-0.364938943,0.299566394,0.97138117,-0.400947766,-0.929850382,-1.157055046,-1.384711877,-0.467469754,-0.477517384
52,-0.5665893,-0.696875943,0.752360281,-0.507948852,1.113359636,1.843686853,0.739426972,0.3217581,1.160752864,0.310079208,1.36992937,-1.057793572,0.396578289,0.682308419,0.185927345,-1.128907062,-1.764082584,-1.15503467,-1.600797903,1.77190627,-0.466354969,-0.482067537,-0.364938943,1.060884811,-0.535250849,-0.37346011,-0.884791553,-1.40129481,-1.384711877,-0.467469754,3.371562134
53,-0.207023014,-0.379458329,0.978840456,-0.089762271,-0.056141464,-0.465261842,0.100830951,-1.20270394,-1.045103419,-1.115437666,-0.981046194,-1.641801283,0.396578289,-1.699568244,1.0376703,-0.895607649,-1.764082584,0.172242012,0.426879441,0.205440847,-0.179422613,-0.040656298,-0.364938943,1.187771214,-1.288566858,-0.400947766,-0.704556236,-1.455570314,0.447792398,0.827811023,0.072351119
54,3.927989284,0.001442807,0.582500149,3.116334848,-1.40556581,0.920107375,-0.53776507,-0.195470092,-0.359499439,-0.319800341,-0.574146577,1.554872503,-1.01347785,-0.111650469,-2.168891412,1.267714177,0.6050017,0.835880353,-1.600797903,1.77190627,-0.370710851,-0.482067537,-0.552340022,-0.334865619,-2.041882867,-0.400947766,-0.118791458,-1.319881556,-1.384711877,-0.467469754,0.622219621
55,-0.207023014,-1.268227648,0.808980325,-0.507948852,-0.415987956,-0.003472103,-2.453553133,1.519549702,-0.627779257,0.210624543,-0.528935509,-0.627472101,0.396578289,1.476267306,0.937465247,-0.619890161,-0.790486303,-0.491396329,0.426879441,0.362087389,-0.41853291,-0.482067537,-0.177537864,-0.207979217,0.594723165,-0.400947766,-0.974909211,1.068240586,-1.384711877,0.827811023,-0.614984509
56,-0.5665893,-0.315974806,0.129539797,-0.507948852,-0.371007145,-0.465261842,0.100830951,-0.549363066,-0.508543782,-0.817073669,-0.981046194,1.554872503,-2.42353399,-0.111650469,-1.717968671,-1.128907062,-1.764082584,0.172242012,0.426879441,-0.734438407,-0.227244673,-0.095832703,-0.364938943,0.680225603,0.97138117,-0.290997142,0.737326294,1.068240586,-1.384711877,-0.467469754,-1.164853012
57,-0.02723987,1.144146217,-0.096940378,-0.507948852,-0.595911202,-0.465261842,-1.814957112,-0.249915165,0.743428702,-0.154042565,1.279507233,1.554872503,-1.01347785,0.682308419,-1.26704593,-1.001652837,0.6050017,0.172242012,0.426879441,0.384465466,-0.322888791,-0.316538322,-0.552340022,0.933998408,0.218065161,-0.37346011,-0.839732724,0.416934547,-1.384711877,-0.467469754,-0.202583132
58,-0.926155587,0.318860421,-1.285961301,-0.438251088,-0.775834449,-1.85063106,-1.814957112,-0.848810966,0.11744246,-0.850225224,-0.031613755,1.554872503,-1.01347785,0.682308419,-0.715918136,-0.407799786,0.734814537,-0.491396329,0.426879441,-0.80157264,-0.466354969,-0.537243942,-0.364938943,0.933998408,0.218065161,-0.37346011,-0.749615066,1.068240586,-0.46845974,-0.467469754,-0.889918761
59,1.59080842,0.445827467,0.639120193,-0.438251088,-0.550930391,-0.465261842,-0.53776507,-0.249915165,-0.538352651,-0.25349723,-0.438513371,0.878653049,0.396578289,0.682308419,-0.81612319,-0.916816687,-1.764082584,0.835880353,0.426879441,-0.71206033,-0.083778495,-0.261361918,2.633478317,-1.096184036,-1.288566858,-0.318484798,-0.974909211,1.068240586,0.447792398,0.827811023,-0.889918761
60,-0.746372444,-1.649128784,0.752360281,-0.507948852,-0.146103087,0.458317636,0.100830951,0.920653901,-1.104721156,0.741049426,-1.071468331,-0.688946596,0.396578289,0.682308419,0.937465247,-1.001652837,-0.595767047,0.835880353,0.426879441,-0.80157264,-0.275066732,-0.261361918,-0.552340022,1.314657617,-1.665224862,-0.400947766,-0.208909117,1.068240586,0.447792398,3.418372579,-0.065116007
61,2.13015785,-0.315974806,-0.380040598,-0.507948852,-0.371007145,-0.465261842,-0.53776507,0.920653901,-0.240263964,1.105716533,0.104019451,-0.658209348,0.396578289,0.682308419,-0.515508029,-0.768353424,0.507642072,-1.15503467,0.426879441,-0.577791865,-0.41853291,-0.482067537,-0.552340022,-0.081092814,0.218065161,-0.400947766,-0.884791553,-0.858539778,0.447792398,-0.467469754,-0.614984509
62,1.411025277,-0.887326511,0.808980325,-0.507948852,0.123781782,-1.388841321,0.739426972,-0.848810966,-0.687396994,-1.148589221,-0.935835125,1.278237272,0.396578289,0.682308419,-1.11673835,-0.535054011,0.08575035,0.172242012,0.426879441,-0.331633013,-0.179422613,-0.371714727,-0.364938943,-0.334865619,-0.911908853,-0.37346011,0.782385123,1.068240586,0.447792398,-0.467469754,0.484752496
63,-0.926155587,0.953695649,-1.342581345,2.419357214,-0.730853637,-1.85063106,-1.176361091,-0.44047292,0.028015854,-0.352951896,-0.80020192,-1.180742563,0.396578289,0.682308419,0.386337452,0.207262302,0.994440212,-2.482311352,-1.600797903,1.77190627,0.011865624,-0.482067537,-0.552340022,-1.603729647,-0.911908853,-0.400947766,0.512032149,0.63403656,0.447792398,-0.467469754,0.34728537
64,-0.5665893,-0.950810034,0.01629971,-0.507948852,0.843474767,0.920107375,0.739426972,-0.712698284,-0.687396994,-0.684467448,-0.664568714,-1.150005316,0.396578289,0.682308419,0.436439979,0.716279202,0.734814537,0.172242012,-1.600797903,1.77190627,2.881189182,-0.151009108,-0.177537864,-1.096184036,-0.535250849,-0.37346011,1.142855756,1.068240586,1.364044536,3.418372579,-1.302320137
65,0.152543273,-0.315974806,0.922220412,0.258726546,-0.281045522,-0.003472103,-0.53776507,0.076755272,-0.776823601,0.442685429,-0.709779783,0.171696346,0.396578289,-0.905609356,-1.11673835,1.267714177,0.475188862,0.172242012,0.426879441,1.301966643,-0.514177029,-0.592420347,-0.364938943,-1.984388855,-1.288566858,-0.400947766,-0.749615066,-0.587162262,1.364044536,-0.467469754,-1.027385886
66,1.05145899,-1.141260602,0.922220412,-0.507948852,1.158340447,0.458317636,1.378022993,-0.277137702,0.236677935,0.011715211,-0.122035892,0.786441305,0.396578289,1.476267306,0.286132399,0.080008076,0.669908118,0.172242012,0.426879441,1.122942023,0.059687683,-0.482067537,-0.552340022,1.314657617,0.218065161,-0.400947766,2.089091166,-0.098682733,1.364044536,-0.467469754,-0.340050258
67,-2.004854447,0.06492633,-1.512441476,-0.507948852,1.383244505,-0.465261842,0.739426972,1.900665212,-0.240263964,0.376382319,0.149230519,1.554872503,-1.01347785,-0.905609356,-0.96643077,NA,NA,0.835880353,-1.600797903,1.77190627,-0.466354969,-0.482067537,-0.552340022,-1.096184036,-1.288566858,-0.400947766,0.827443952,1.068240586,0.447792398,-0.467469754,-0.614984509
68,0.871675847,-0.887326511,0.752360281,-0.089762271,1.698110186,1.381897114,0.100830951,-0.712698284,-0.836441338,-0.551861227,-0.709779783,-1.027056324,0.396578289,0.682308419,0.88736272,-1.044070912,-1.764082584,0.172242012,-1.600797903,1.77190627,-0.035956436,-0.261361918,-0.364938943,0.299566394,-0.911908853,-0.126071205,-0.569379749,-0.967090785,1.364044536,-0.467469754,-1.027385886
69,-0.386806157,2.286849627,-0.323420554,0.119331019,-0.82081526,-1.388841321,-2.453553133,0.811763755,0.296295672,0.906807202,0.691763342,NA,NA,NA,NA,NA,NA,-1.818673011,0.426879441,0.764892783,-0.035956436,0.014520107,-0.364938943,-1.096184036,0.97138117,-0.428435422,-1.740909305,-1.374157059,-0.46845974,-0.467469754,-0.202583132
70,0.332326417,0.636278035,-1.002861081,-0.368553325,0.258724217,0.458317636,0.100830951,0.103977808,-1.074912287,0.177472987,-1.071468331,-0.443048613,0.396578289,0.682308419,0.837260193,-1.171325137,-1.764082584,-0.491396329,-1.600797903,0.585868164,-0.466354969,-0.537243942,-0.552340022,0.680225603,0.97138117,-0.400947766,-1.695850476,1.068240586,-1.384711877,-0.467469754,0.34728537
71,1.231242134,-0.189007761,0.639120193,-0.507948852,-0.281045522,1.381897114,-0.53776507,1.846220139,0.296295672,0.973110313,-0.16724696,-1.611064035,0.396578289,0.682308419,1.0376703,-0.916816687,0.669908118,0.835880353,0.426879441,0.004038149,-0.41853291,-0.537243942,-0.364938943,0.172679992,-0.535250849,-0.400947766,0.602149807,1.068240586,0.447792398,-0.467469754,1.447022375
72,-1.645288161,0.953695649,-2.135261959,-0.507948852,-0.281045522,-0.003472103,0.100830951,-0.576585602,-0.687396994,-0.419255007,-0.574146577,-1.027056324,0.396578289,-2.493527131,0.88736272,-0.089664224,0.345376025,0.172242012,0.426879441,-0.17498647,-0.322888791,-0.316538322,-0.364938943,0.172679992,-0.535250849,-0.400947766,-1.380438673,-0.912815281,0.447792398,-0.467469754,0.072351119
73,0.691892703,0.445827467,0.242779885,-0.507948852,0.213743405,-0.003472103,0.100830951,-0.494917993,-0.478734914,-0.485558117,-0.709779783,-1.395903299,0.396578289,1.476267306,0.837260193,1.267714177,1.059346631,0.172242012,-1.600797903,1.77190627,0.537908276,0.897342584,-0.177537864,0.807112005,-1.288566858,-0.37346011,-0.974909211,1.068240586,0.447792398,-0.467469754,0.209818244
74,2.13015785,1.778981444,0.978840456,-0.507948852,-0.955757695,1.381897114,0.739426972,1.76455253,-0.001793015,1.934505414,0.330074794,1.554872503,-1.01347785,-0.905609356,0.035619765,1.267714177,0.994440212,-1.15503467,0.426879441,0.160684692,-0.466354969,-0.537243942,0.197264293,-2.365048063,-0.535250849,-0.400947766,-0.704556236,-1.238468301,0.447792398,-0.467469754,-0.614984509
75,-0.386806157,1.461563831,-1.342581345,-0.438251088,1.51818694,-0.465261842,1.378022993,-1.093813794,-1.104721156,-0.982831445,-1.071468331,-0.350836869,0.396578289,-0.111650469,0.686952613,0.334516527,0.6050017,-0.491396329,0.426879441,-0.756816485,-0.41853291,-0.371714727,-0.364938943,1.060884811,0.218065161,2.842595659,-0.569379749,-1.129917294,-0.46845974,-0.467469754,-0.340050258
76,0.51210956,-0.125524238,-0.096940378,-0.368553325,-0.281045522,-0.465261842,0.100830951,1.900665212,0.11744246,2.498081852,0.465707999,-1.211479811,0.396578289,0.682308419,0.88736272,-0.153291336,0.08575035,-4.473226375,0.426879441,-0.823950717,-0.514177029,-0.592420347,-0.552340022,0.680225603,-0.158592844,2.842595659,-0.163850288,-1.211330549,-0.46845974,-0.467469754,-0.477517384
77,-0.02723987,-0.569908897,-0.096940378,-0.507948852,-0.011160652,-0.927051581,0.739426972,1.900665212,1.786739107,2.464930297,2.183728603,1.554872503,-3.83359013,-0.905609356,-3.321249527,-0.938025724,1.026893421,0.835880353,0.426879441,-0.734438407,-0.035956436,-0.095832703,-0.364938943,-0.84241123,0.97138117,-0.37346011,-1.110085698,0.335521293,-0.46845974,-0.467469754,-0.752451635
78,0.332326417,0.636278035,-2.814702487,-0.507948852,0.978417201,0.920107375,0.739426972,-0.848810966,-1.104721156,-0.94967989,-1.071468331,1.554872503,-3.83359013,-0.905609356,-3.471557108,-0.492635936,-0.368594581,0.835880353,0.426879441,-0.756816485,3.789808309,0.069696511,-0.364938943,0.5533392,-2.041882867,-0.37346011,1.007679268,1.068240586,1.364044536,-0.467469754,-0.202583132
79,-0.386806157,-1.268227648,0.922220412,-0.507948852,0.34868584,-0.927051581,-1.176361091,-0.222692629,1.309797208,-0.054587899,1.279507233,-0.904107332,0.396578289,0.682308419,0.787157666,1.267714177,0.767267747,-2.482311352,0.426879441,-0.756816485,-0.370710851,-0.095832703,-0.177537864,0.299566394,0.97138117,-0.400947766,NA,NA,-0.46845974,-0.467469754,0.209818244
80,0.51210956,-0.252491284,0.582500149,-0.368553325,0.078800971,-0.465261842,0.739426972,-1.366039158,-1.104721156,-1.281195442,-1.071468331,-0.166413381,0.396578289,-0.905609356,0.636850086,-1.150116099,-1.764082584,-3.809588034,0.426879441,-0.756816485,-0.322888791,0.676636965,-0.364938943,0.933998408,0.97138117,-0.37346011,0.286738003,-0.071544982,0.447792398,-0.467469754,-0.065116007
81,-2.184637591,2.350333149,-3.947103365,-0.507948852,0.34868584,-0.927051581,-0.53776507,-1.338816622,-1.104721156,-1.248043887,-1.071468331,1.554872503,-1.01347785,0.682308419,-2.269096465,1.267714177,0.312922815,-0.491396329,-5.65615259,1.77190627,5.08100391,5.863219019,0.009863215,-3.12636648,-2.041882867,-0.400947766,-1.245262185,1.068240586,1.364044536,3.418372579,-1.302320137
82,-0.02723987,-0.252491284,-0.096940378,-0.507948852,-1.720431491,-0.003472103,1.378022993,0.348980636,2.472343086,0.078018322,-0.754990851,NA,NA,NA,NA,1.267714177,0.183109978,0.835880353,0.426879441,-0.756816485,0.29879798,1.780165061,-0.177537864,0.933998408,0.97138117,-0.37346011,-1.560673989,1.068240586,-1.384711877,-0.467469754,0.072351119
83,-0.386806157,1.144146217,-2.588222311,1.722379579,-0.326026333,-2.312420799,1.378022993,0.403425709,0.236677935,-0.021436344,0.149230519,0.202433594,0.396578289,-0.905609356,0.035619765,1.267714177,1.286519096,0.835880353,0.426879441,-0.823950717,-0.466354969,-0.426891132,0.946868608,0.172679992,0.97138117,-0.345972454,0.151561516,-0.695713269,1.364044536,-0.467469754,-0.752451635
84,-0.386806157,-0.125524238,-0.663140817,3.673916956,-0.640892014,-2.312420799,-0.53776507,-0.494917993,0.80304644,-0.25349723,1.324718301,-0.320099621,0.396578289,-0.905609356,-0.415302976,-1.022861874,0.6050017,0.172242012,0.426879441,-0.779194562,0.394442098,0.124872916,-0.552340022,1.060884811,-1.288566858,-0.400947766,-1.560673989,-1.808361085,-1.384711877,0.827811023,0.209818244
85,-1.645288161,2.223366104,-2.078641916,1.792077342,0.168762594,0.458317636,0.739426972,1.247324338,1.190561733,1.105716533,1.460351507,-0.996319076,0.396578289,-0.111650469,0.787157666,-0.068455186,0.864627375,0.835880353,-3.628475246,1.77190627,5.08100391,-0.206185513,0.946868608,0.045793589,0.594723165,0.753533792,0.647208636,0.254108038,-1.384711877,-0.467469754,0.759686747
86,0.871675847,-0.379458329,0.695740237,0.398122073,-0.23606471,-0.465261842,-1.176361091,0.267313027,0.475148884,0.343230763,0.827396547,-0.904107332,0.396578289,-0.905609356,0.937465247,0.270889414,0.475188862,0.835880353,0.426879441,1.77190627,0.346620039,-0.040656298,-0.364938943,-1.223070439,-1.288566858,-0.400947766,-0.974909211,-0.994228536,-1.384711877,-0.467469754,-0.752451635
87,0.332326417,0.76324508,-0.663140817,-0.020064508,-0.775834449,-1.388841321,-0.53776507,-0.522140529,-0.389308308,-0.485558117,-0.16724696,-0.443048613,0.396578289,-0.111650469,-0.315097922,0.885951502,0.410282444,-1.15503467,-1.600797903,1.77190627,2.833367123,0.897342584,2.446077238,-1.73061605,0.97138117,-0.400947766,0.827443952,1.068240586,0.447792398,0.827811023,-1.164853012
88,-1.285721874,1.588530876,-2.078641916,3.116334848,0.528609086,0.458317636,0.100830951,-1.039368721,-0.210455095,-0.94967989,0.104019451,-1.08853082,0.396578289,-0.111650469,0.586747559,-0.916816687,1.059346631,-0.491396329,-1.600797903,1.77190627,-0.179422613,-0.316538322,-0.552340022,0.807112005,-2.041882867,-0.428435422,-0.974909211,-1.347019307,-1.384711877,0.827811023,-0.752451635
89,NA,NA,NA,NA,0.123781782,0.920107375,0.100830951,1.900665212,1.25017947,2.630688073,0.330074794,-0.227887877,0.396578289,1.476267306,-0.164790342,0.419352677,0.702361328,-1.15503467,-1.600797903,1.77190627,2.163858292,0.40075494,-0.364938943,-0.207979217,0.97138117,-0.400947766,0.647208636,1.068240586,-1.384711877,-0.467469754,1.584489501
90,-0.207023014,0.509310989,-2.022021872,1.164797471,-0.595911202,-0.465261842,-0.53776507,-0.876033503,0.594384359,-0.717619004,1.234296164,0.048747354,0.396578289,-1.699568244,-0.114687815,-0.938025724,0.832174165,0.172242012,-1.600797903,1.77190627,0.107509742,-0.316538322,-0.364938943,0.299566394,0.594723165,-0.428435422,-0.434203262,-0.804264275,0.447792398,-0.467469754,-0.752451635
91,-0.386806157,0.572794512,0.808980325,0.258726546,-0.775834449,-2.312420799,-2.453553133,-0.222692629,0.177060197,0.044866766,0.375285862,0.632755065,0.396578289,1.476267306,-1.26704593,-1.107698024,-1.764082584,0.172242012,0.426879441,-0.644926097,-0.179422613,-0.206185513,-0.177537864,0.933998408,0.97138117,-0.181046517,-1.110085698,-0.668575517,0.447792398,-0.467469754,0.484752496
92,-0.926155587,0.318860421,0.072919754,-0.507948852,-0.146103087,0.458317636,0.739426972,1.900665212,2.472343086,1.801899193,1.912462192,1.554872503,-1.01347785,-0.905609356,-0.315097922,NA,NA,NA,-3.628475246,1.77190627,0.490086217,5.863219019,-0.364938943,0.680225603,0.97138117,2.842595659,0.602149807,0.145557031,1.364044536,2.123091801,-0.614984509
93,1.770591564,0.128409853,0.072919754,-0.507948852,-0.371007145,-0.465261842,-1.176361091,0.131200345,0.087633591,0.508988539,0.646552273,1.554872503,0.396578289,-0.111650469,-0.014482762,-1.065279949,-1.764082584,-0.491396329,0.426879441,-0.756816485,-0.41853291,-0.040656298,-0.552340022,0.426452797,0.97138117,2.842595659,2.269326483,-0.152958236,1.364044536,-0.467469754,-0.202583132
94,-1.465505017,1.588530876,-1.455821432,-0.159460035,0.618570709,1.843686853,0.100830951,-1.284371549,-0.866250207,-1.214892332,-0.80020192,0.018010106,0.396578289,0.682308419,0.837260193,1.267714177,1.12425305,0.172242012,0.426879441,-0.756816485,0.155331802,-0.151009108,-0.364938943,1.060884811,-0.158592844,-0.37346011,2.224267653,1.068240586,0.447792398,2.123091801,-1.164853012
95,-0.386806157,0.191893376,0.639120193,0.955704181,0.213743405,-0.003472103,-1.176361091,1.083989119,0.206869066,0.210624543,0.058808382,-0.535260357,0.396578289,-0.111650469,1.0376703,-1.001652837,-1.212378025,-1.15503467,0.426879441,0.026416227,-0.227244673,1.669812252,3.008280474,-1.349956841,0.594723165,2.842595659,1.503326388,-1.021366288,1.364044536,2.123091801,-0.752451635
96,-0.386806157,-1.649128784,-0.663140817,-0.507948852,-0.460968768,0.920107375,0.100830951,0.403425709,2.472343086,0.674746316,3.087949974,-0.04346439,0.396578289,1.476267306,0.987567773,-1.065279949,-1.764082584,0.835880353,0.426879441,-0.823950717,-0.466354969,-0.482067537,0.572066451,0.5533392,0.97138117,-0.400947766,-1.200203356,1.068240586,-0.46845974,-0.467469754,-1.164853012
97,-0.207023014,-0.887326511,0.808980325,-0.438251088,-0.326026333,-0.465261842,0.100830951,1.900665212,-0.240263964,2.464930297,0.149230519,0.386857081,0.396578289,1.476267306,0.787157666,1.267714177,0.767267747,0.172242012,0.426879441,-0.600169943,-0.41853291,-0.316538322,0.009863215,0.933998408,0.218065161,-0.37346011,0.376855661,1.068240586,-0.46845974,-0.467469754,2.409292254
98,-1.465505017,-0.506425375,0.978840456,-0.507948852,0.033820159,0.920107375,-1.176361091,1.274546874,-0.240263964,1.271474309,-0.257669097,1.554872503,0.396578289,-0.905609356,-0.264995395,-0.280545561,0.08575035,0.835880353,0.426879441,-0.756816485,-0.466354969,-0.316538322,0.009863215,0.172679992,0.218065161,0.176293013,0.151561516,-0.071544982,1.364044536,0.827811023,-0.889918761
99,-0.207023014,0.699761558,0.072919754,-0.438251088,-0.056141464,-0.927051581,-0.53776507,-0.549363066,-0.478734914,-0.452406562,-0.709779783,-1.027056324,0.396578289,1.476267306,0.636850086,1.16166899,-0.076515697,0.172242012,0.426879441,-0.756816485,-0.41853291,0.40075494,-0.552340022,1.314657617,0.594723165,-0.400947766,0.016385029,0.986827331,0.447792398,-0.467469754,1.172088124
100,1.411025277,-1.585645262,0.752360281,-0.507948852,-0.281045522,-0.927051581,-0.53776507,0.131200345,0.504957753,0.177472987,1.008240822,1.554872503,-1.01347785,-0.111650469,-1.11673835,1.267714177,0.442735653,-0.491396329,0.426879441,-0.62254802,-0.466354969,-0.426891132,-0.364938943,-0.715524828,-0.535250849,-0.400947766,-1.335379844,-1.509845817,0.447792398,-0.467469754,-0.477517384
101,2.309940994,-0.950810034,0.978840456,-0.507948852,-0.505949579,0.458317636,0.100830951,-0.957701112,-0.836441338,-0.94967989,-0.80020192,0.140959098,0.396578289,-0.111650469,0.636850086,-0.344172674,0.832174165,0.172242012,-1.600797903,1.77190627,-0.466354969,-0.426891132,-0.552340022,-0.334865619,0.97138117,-0.181046517,-0.073732629,-0.641437765,0.447792398,-0.467469754,0.34728537
102,0.332326417,-0.760359466,0.412640017,-0.507948852,-0.415987956,-0.927051581,0.739426972,1.056766583,0.385722278,0.774200981,0.465707999,0.202433594,0.396578289,-0.905609356,0.586747559,1.267714177,0.702361328,0.835880353,0.426879441,-0.779194562,-0.275066732,2.000870681,-0.364938943,0.807112005,-1.288566858,-0.400947766,-0.389144433,1.068240586,0.447792398,-0.467469754,0.209818244
103,0.152543273,-1.268227648,0.356019973,-0.507948852,-0.82081526,-0.465261842,-0.53776507,-1.284371549,-0.359499439,-1.248043887,-0.257669097,0.386857081,0.396578289,-0.111650469,0.536645033,-0.874398612,0.150656769,0.835880353,0.426879441,0.183062769,-0.41853291,-0.316538322,0.009863215,0.426452797,-1.665224862,-0.345972454,-1.290321014,1.068240586,-0.46845974,-0.467469754,0.759686747
104,0.152543273,-1.268227648,0.978840456,-0.507948852,-0.550930391,-0.927051581,0.100830951,-1.121036331,-0.717205863,-1.082286111,-0.935835125,1.554872503,-2.42353399,-0.905609356,-1.317148457,-0.895607649,-0.758033094,0.172242012,0.426879441,-0.80157264,-0.275066732,-0.206185513,-0.552340022,1.314657617,0.97138117,-0.37346011,-0.479262091,1.068240586,0.447792398,-0.467469754,1.447022375
105,0.51210956,-0.379458329,0.242779885,-0.368553325,2.192899113,0.920107375,1.378022993,-0.331582774,-0.32969057,-0.12089101,-0.664568714,0.970864792,0.396578289,-1.699568244,-0.014482762,-1.001652837,-0.141422116,0.172242012,0.426879441,-0.152608393,-0.322888791,0.014520107,-0.177537864,0.299566394,-1.288566858,-0.37346011,1.728620534,0.63403656,0.447792398,-0.467469754,0.759686747
106,0.152543273,-0.63339242,0.469260061,-0.507948852,0.483628274,-0.465261842,0.100830951,-0.767143357,-0.359499439,-0.982831445,-0.664568714,-0.627472101,0.396578289,1.476267306,-0.064585288,-0.789562461,-0.206328534,0.835880353,0.426879441,-0.734438407,-0.179422613,-0.482067537,-0.552340022,0.680225603,0.218065161,-0.400947766,0.151561516,-1.265606052,-1.384711877,-0.467469754,-0.340050258
107,-0.386806157,0.318860421,-0.493280686,-0.507948852,-1.495527433,1.843686853,0.739426972,1.900665212,2.144445531,2.067111635,2.048095398,0.140959098,0.396578289,1.476267306,0.586747559,-1.044070912,0.507642072,0.835880353,0.426879441,-0.823950717,-0.466354969,0.180049321,-0.552340022,1.187771214,0.97138117,-0.400947766,0.016385029,-0.234371491,1.364044536,-0.467469754,-0.477517384
108,-0.386806157,-0.63339242,0.186159841,-0.507948852,0.978417201,0.458317636,0.100830951,1.900665212,0.35591341,2.431778742,0.646552273,-0.688946596,0.396578289,0.682308419,0.586747559,-0.810771499,0.832174165,-2.482311352,0.426879441,-0.823950717,-0.275066732,-0.316538322,-0.552340022,0.299566394,-0.911908853,-0.345972454,-0.479262091,1.068240586,-1.384711877,-0.467469754,2.821693631
109,0.691892703,-0.696875943,0.412640017,-0.438251088,-0.23606471,-0.003472103,0.100830951,-0.413250384,-0.419117176,-0.419255007,-0.528935509,1.032339288,0.396578289,0.682308419,-1.567661091,1.267714177,0.734814537,0.172242012,0.426879441,1.033429713,0.155331802,0.345578536,-0.177537864,0.172679992,-2.041882867,-0.37346011,0.872502781,-0.017269478,1.364044536,-0.467469754,-0.202583132
110,0.51210956,0.699761558,-0.153560422,-0.507948852,-0.371007145,-0.465261842,0.100830951,0.403425709,0.206869066,-0.750770559,-0.257669097,-0.719683844,0.396578289,1.476267306,0.386337452,-0.110873261,0.280469606,-0.491396329,0.426879441,-0.286876858,-0.131600554,0.124872916,-0.364938943,-0.588638425,0.594723165,-0.37346011,-0.749615066,-0.424335752,-0.46845974,-0.467469754,1.584489501
111,0.152543273,-0.379458329,0.752360281,-0.507948852,-0.146103087,-0.003472103,1.378022993,-1.366039158,-1.074912287,-1.281195442,-1.026257262,NA,NA,NA,NA,NA,NA,0.172242012,0.426879441,0.429221621,0.442264157,3.269927992,2.446077238,-0.84241123,-1.288566858,-0.345972454,1.097796927,1.068240586,0.447792398,-0.467469754,-0.202583132
112,1.231242134,-0.442941852,0.356019973,-0.507948852,-1.540508245,0.920107375,-0.53776507,1.465104629,0.654002096,0.57529165,0.510919068,1.554872503,-1.01347785,0.682308419,-1.016533297,0.355725564,-0.011609278,0.172242012,0.426879441,-0.779194562,0.011865624,-0.151009108,2.071275081,-0.715524828,-1.288566858,-0.400947766,0.016385029,-0.505749007,1.364044536,2.123091801,-0.889918761
113,-0.5665893,0.572794512,0.752360281,-0.507948852,0.438647463,0.920107375,0.739426972,-0.631030675,-0.56816152,-0.817073669,-0.619357646,0.26390809,0.396578289,-0.905609356,-0.415302976,1.267714177,-0.336141372,-0.491396329,0.426879441,-0.779194562,-0.275066732,0.180049321,-0.364938943,0.680225603,-1.665224862,-0.37346011,-1.605732818,1.068240586,-0.46845974,-0.467469754,-0.477517384
114,1.05145899,-0.062040715,0.639120193,-0.507948852,-0.685872826,-0.927051581,-0.53776507,-0.603808139,0.057824723,-0.618164338,-0.257669097,1.431923511,0.396578289,-1.699568244,0.085722292,-0.789562461,-0.368594581,0.172242012,0.426879441,-0.488279555,-0.322888791,0.455931345,2.820879396,-0.969297633,0.97138117,-0.400947766,0.241679174,0.037006025,1.364044536,-0.467469754,1.172088124
115,-0.207023014,-0.760359466,0.299399929,-0.507948852,0.123781782,-0.927051581,1.378022993,-0.086579947,2.233872137,-0.386103451,1.595984712,-1.211479811,0.396578289,-0.905609356,0.386337452,-0.535054011,0.702361328,0.835880353,0.426879441,-0.71206033,-0.370710851,-0.206185513,-0.177537864,1.060884811,-0.535250849,-0.318484798,-0.253967946,-0.315784746,0.447792398,0.827811023,-1.164853012
116,-0.02723987,-1.268227648,0.129539797,-0.507948852,-2.215220418,0.920107375,0.739426972,1.900665212,0.415531147,0.973110313,0.827396547,-0.965581828,0.396578289,0.682308419,0.787157666,-0.704726311,-0.076515697,0.835880353,0.426879441,-0.71206033,0.25097592,-0.316538322,3.008280474,-1.096184036,0.97138117,-0.290997142,-0.434203262,1.068240586,0.447792398,2.123091801,-0.202583132
117,1.59080842,1.778981444,-0.380040598,1.861775106,0.93343639,0.458317636,1.378022993,-0.739920821,-0.657588126,-0.651315893,-0.619357646,-0.443048613,0.396578289,-0.111650469,-0.766020663,-0.853189574,0.280469606,0.172242012,0.426879441,-0.577791865,-0.227244673,0.786989774,-0.364938943,-0.081092814,0.97138117,-0.345972454,-1.380438673,-1.482708065,-0.46845974,-0.467469754,-0.202583132
118,0.871675847,-0.63339242,0.469260061,-0.507948852,-0.775834449,-1.388841321,-0.53776507,-0.413250384,-0.508543782,-0.518709672,-0.393302303,0.048747354,0.396578289,-0.111650469,-1.517558564,1.267714177,0.961987003,0.835880353,0.426879441,-0.80157264,-0.370710851,-0.316538322,-0.364938943,0.172679992,-0.158592844,1.633138789,0.872502781,1.068240586,0.447792398,-0.467469754,0.759686747
119,-0.746372444,-1.395194693,0.752360281,-0.507948852,2.68768804,1.381897114,1.378022993,-0.631030675,0.743428702,-0.717619004,0.782185479,-0.166413381,0.396578289,-0.111650469,0.937465247,-0.068455186,1.026893421,0.835880353,0.426879441,-0.823950717,-0.466354969,-0.151009108,-0.177537864,0.807112005,0.97138117,2.842595659,2.449561799,1.068240586,0.447792398,-0.467469754,-0.477517384
120,1.231242134,0.191893376,0.356019973,-0.507948852,0.978417201,0.458317636,1.378022993,-0.358805311,0.445340016,-0.18719412,0.465707999,-0.166413381,0.396578289,0.682308419,0.336234926,-1.086488987,-1.764082584,0.172242012,0.426879441,-0.80157264,-0.370710851,0.455931345,-0.177537864,-0.461752022,0.97138117,-0.400947766,0.512032149,1.068240586,1.364044536,-0.467469754,0.759686747
121,-0.02723987,-1.331711171,0.639120193,-0.507948852,-0.101122276,-0.927051581,0.100830951,-0.358805311,-0.717205863,-0.087739454,-0.48372444,0.602017817,0.396578289,-1.699568244,-0.415302976,-1.171325137,-1.764082584,0.172242012,0.426879441,-0.219742625,-0.466354969,-0.482067537,-0.364938943,1.187771214,0.97138117,-0.37346011,-0.0286738,-0.749988772,1.364044536,-0.467469754,-0.202583132
122,1.231242134,-1.268227648,0.865600368,-0.507948852,-0.101122276,0.458317636,1.378022993,0.131200345,-0.776823601,0.276927653,-0.754990851,-0.965581828,0.396578289,-1.699568244,0.88736272,-0.853189574,0.280469606,0.172242012,0.426879441,-0.823950717,0.490086217,-0.537243942,-0.364938943,0.807112005,0.218065161,-0.428435422,-0.299026775,1.068240586,0.447792398,-0.467469754,1.034620998
123,-2.004854447,0.255376898,0.978840456,-0.507948852,-0.910776883,-0.003472103,0.100830951,0.131200345,0.057824723,0.177472987,-0.031613755,-0.965581828,0.396578289,-0.111650469,-0.014482762,-1.192534174,-1.764082584,0.172242012,0.426879441,-0.80157264,-0.466354969,-0.261361918,-0.552340022,-0.715524828,-0.158592844,-0.428435422,-1.110085698,-1.319881556,1.364044536,-0.467469754,0.759686747
124,-1.825071304,0.445827467,0.978840456,-0.507948852,0.34868584,-0.927051581,0.100830951,0.675651073,-0.389308308,0.939958757,-0.302880166,1.339711768,0.396578289,-0.111650469,-0.365200449,-1.213743212,-1.764082584,0.835880353,0.426879441,-0.421145323,-0.514177029,-0.371714727,-0.364938943,1.187771214,-0.911908853,-0.37346011,-0.208909117,-1.428432562,-0.46845974,-0.467469754,1.309555249
125,0.152543273,-1.204744125,0.978840456,-0.507948852,0.258724217,0.920107375,0.100830951,0.076755272,-0.657588126,-0.452406562,-0.619357646,-0.658209348,0.396578289,-1.699568244,0.73705514,-1.171325137,-1.764082584,0.172242012,0.426879441,-0.823950717,-0.466354969,-0.482067537,-0.364938943,0.426452797,0.97138117,-0.400947766,-1.110085698,0.362659044,0.447792398,-0.467469754,1.721956626
126,-0.746372444,1.080662694,-1.399201388,-0.507948852,-0.281045522,1.381897114,0.739426972,0.3217581,-0.419117176,0.674746316,-0.16724696,-0.350836869,0.396578289,1.476267306,-0.415302976,0.461770752,0.6050017,-0.491396329,0.426879441,-0.085474161,-0.227244673,-0.537243942,-0.364938943,1.314657617,-0.535250849,-0.428435422,-0.434203262,1.068240586,1.364044536,-0.467469754,-0.752451635
127,-0.5665893,-0.887326511,0.01629971,-0.507948852,0.033820159,0.458317636,1.378022993,-0.930478576,-0.985485681,-0.916528335,-1.026257262,-0.381574117,0.396578289,-0.111650469,0.937465247,0.461770752,0.507642072,0.172242012,0.426879441,-0.62254802,-0.035956436,0.235225726,1.883874002,-1.603729647,-1.665224862,-0.400947766,-0.163850288,1.068240586,-1.384711877,-0.467469754,0.622219621
128,-0.207023014,-1.458678216,0.299399929,-0.507948852,2.462783982,1.381897114,1.378022993,-0.794365894,-0.538352651,-0.651315893,-0.212458029,-0.811895588,0.396578289,-0.111650469,0.586747559,-1.001652837,-0.95275235,0.172242012,0.426879441,-0.219742625,0.92048475,0.014520107,-0.364938943,-1.223070439,-1.288566858,-0.37346011,-0.073732629,1.068240586,-0.46845974,-0.467469754,2.134358003
129,-0.386806157,-0.63339242,0.808980325,-0.507948852,-0.281045522,-0.465261842,0.100830951,-0.168247556,-0.597970388,-0.021436344,-0.48372444,-1.426640547,0.396578289,1.476267306,1.0376703,-0.916816687,0.475188862,-0.491396329,0.426879441,-0.756816485,-0.466354969,-0.482067537,-0.364938943,0.5533392,0.218065161,-0.428435422,-0.0286738,1.068240586,0.447792398,-0.467469754,1.447022375
130,0.152543273,0.06492633,-0.54990073,-0.507948852,0.34868584,1.381897114,0.739426972,1.900665212,1.309797208,1.669292972,0.963029753,-1.150005316,0.396578289,0.682308419,0.73705514,-0.938025724,0.540095281,-0.491396329,-1.600797903,1.77190627,-0.41853291,-0.095832703,-0.364938943,1.187771214,0.218065161,1.440725195,2.314385312,-1.808361085,-0.46845974,-0.467469754,-0.340050258
131,-0.207023014,-0.189007761,0.129539797,-0.507948852,-0.281045522,0.920107375,1.378022993,1.900665212,0.385722278,2.464930297,0.782185479,-0.535260357,0.396578289,-0.905609356,0.937465247,-1.065279949,0.410282444,-1.15503467,0.426879441,-0.80157264,-0.370710851,4.483808898,-0.364938943,-0.588638425,-0.911908853,-0.345972454,0.647208636,1.068240586,0.447792398,-0.467469754,-0.752451635
132,-0.926155587,-0.887326511,0.752360281,-0.507948852,-2.305182041,0.920107375,1.378022993,1.900665212,-0.180646227,2.299172521,-0.257669097,-1.057793572,0.396578289,0.682308419,0.88736272,-0.853189574,-1.244831234,0.172242012,-1.600797903,1.77190627,-0.275066732,-0.261361918,-0.552340022,-1.096184036,0.218065161,-0.181046517,-0.118791458,-0.804264275,-0.46845974,-0.467469754,0.759686747
133,-0.207023014,-1.458678216,0.752360281,-0.507948852,-0.146103087,-0.465261842,0.100830951,-0.331582774,-0.687396994,-0.220345675,-0.574146577,1.554872503,-1.01347785,-0.905609356,-2.519609099,1.267714177,0.312922815,0.835880353,0.426879441,-0.756816485,-0.275066732,-0.040656298,-0.552340022,1.187771214,0.218065161,-0.37346011,1.818738192,0.986827331,1.364044536,-0.467469754,0.209818244